{"cameraMode":{"drawMode":0,"name":"Shaded","section":"Shading Mode"},"sceneLighting":true,"audioPlay":false,"sceneViewState":{"m_AlwaysRefresh":false,"showFog":true,"showSkybox":true,"showFlares":true,"showImageEffects":true,"showParticleSystems":true,"showVisualEffectGraphs":true,"m_FxEnabled":true},"in2DMode":false,"pivot":{"x":5.6378655433654789,"y":1.933449625968933,"z":-5.017858028411865},"rotation":{"x":-0.04392365366220474,"y":-0.29804879426956179,"z":0.012147050350904465,"w":-0.9536512494087219},"size":0.6358889937400818,"orthographic":false}